ticker,title,score,upvote_ratio,num_comments,created_utc,subreddit,url
META,Meta Sell Puts Profit,25,0.82,9,2026-03-31 20:05:03,wallstreetbets,https://i.redd.it/4fvstdi5tfsg1.jpeg
MSFT,MSFT is super under valued,1934,0.88,652,2026-03-30 00:36:51,wallstreetbets,https://i.redd.it/nzu0woetv2sg1.jpeg
MSFT,Became a long term MSFT investor after trying to scalp some money for vacation money,1417,0.97,197,2026-03-27 15:54:42,wallstreetbets,https://i.redd.it/gfzaqw7u0mrg1.jpeg
GOOGL,Full Port LEAPS RDDT GOOGL,184,0.93,97,2026-03-27 19:27:45,wallstreetbets,https://i.redd.it/8qn3seou2nrg1.jpeg
AMZN,SNDK revenge trader switches to AMZN,37,0.82,62,2026-03-27 17:59:08,wallstreetbets,https://i.redd.it/t0jo5jf1nmrg1.jpeg
META,Meta Lays off hundreds of employees,4260,0.97,322,2026-03-26 02:00:03,wallstreetbets,https://www.nbcnews.com/tech/social-media/meta-layoffs-hundreds-employees-five-divisions-vr-ai-who-rcna265127
META,"Jury awards $3M in social media addiction case, finds Meta 70% and YouTube 30% liable in landmark negligence verdict",2527,0.98,491,2026-03-25 19:41:44,wallstreetbets,https://www.reddit.com/r/wallstreetbets/comments/1s3l0i7/jury_awards_3m_in_social_media_addiction_case/
MSFT,MSFT $ 500 Call,446,0.88,244,2026-03-24 07:43:25,wallstreetbets,https://www.reddit.com/r/wallstreetbets/comments/1s27chh/msft_500_call/
META,META could slash its headcount by as much as 20%,984,0.96,129,2026-03-16 09:55:29,wallstreetbets,https://www.reddit.com/r/wallstreetbets/comments/1rv57ro/meta_could_slash_its_headcount_by_as_much_as_20/
META,"META to spend upto $27B on AI Infrastructure From $NBIS, stock up 15%",643,0.95,143,2026-03-16 10:08:54,wallstreetbets,https://www.reddit.com/r/wallstreetbets/comments/1rv5g1u/meta_to_spend_upto_27b_on_ai_infrastructure_from/
AAPL,"Gee, no way AAPL can go any lower, better buy calls!",408,0.93,153,2026-03-13 20:25:27,wallstreetbets,https://www.reddit.com/gallery/1rsyo1n
NVDA,Pre-GTC NVDA calls,37,0.85,22,2026-03-13 20:08:05,wallstreetbets,https://i.redd.it/mmyysv6advog1.jpeg
META,Meta Delays Rollout of New A.I. Model After Performance Concerns,687,0.97,109,2026-03-12 23:57:07,wallstreetbets,https://www.nytimes.com/2026/03/12/technology/meta-avocado-ai-model-delayed.html
META,META gets new CEO,54644,0.94,1023,2021-10-29 01:13:40,wallstreetbets,https://i.redd.it/g1qqju0jiaw71.jpg
TSLA,Trying to time a TSLA trade,54150,0.91,832,2021-03-22 22:52:24,wallstreetbets,https://v.redd.it/qqrpx54psno61
META,Puts on Meta,52449,0.96,1889,2026-01-19 17:01:14,wallstreetbets,https://i.redd.it/0mlehcxm7ceg1.jpeg
META,The new and improved META logo,51718,0.92,620,2021-10-31 18:55:45,wallstreetbets,https://i.redd.it/87pptg9u1uw71.jpg
NVDA,AVGO vs. NVDA,19,0.83,29,2026-04-05 01:12:15,stocks,https://www.reddit.com/r/stocks/comments/1scq9yp/avgo_vs_nvda/
NVDA,Thoughts on NVDA here,0,0.38,47,2026-04-04 14:53:00,stocks,https://www.reddit.com/r/stocks/comments/1scb9aw/thoughts_on_nvda_here/
MSFT,"Wanna try buying my first individual stock in taxable account, is msft a good one? Maybe $5K. Any other big companies that took big dips?",0,0.35,40,2026-04-01 01:52:59,stocks,https://www.reddit.com/r/stocks/comments/1s9738m/wanna_try_buying_my_first_individual_stock_in/
TSLA,TSLA prediction markets just killed the breakout narrative,0,0.42,31,2026-04-01 01:18:32,stocks,https://www.reddit.com/r/stocks/comments/1s96b9u/tsla_prediction_markets_just_killed_the_breakout/
META,I’ve been analyzing options strategies on Meta and MU. What do you guys think?,13,0.75,12,2026-03-30 17:16:57,stocks,https://www.reddit.com/r/stocks/comments/1s7wvq9/ive_been_analyzing_options_strategies_on_meta_and/
META,Meta hiring contracted by 31% over the last week.,60,0.82,30,2026-03-27 15:47:39,stocks,https://www.reddit.com/r/stocks/comments/1s57vom/meta_hiring_contracted_by_31_over_the_last_week/
META,What is meta trying to become with all this AI spending,175,0.93,126,2026-03-27 09:47:27,stocks,https://www.reddit.com/r/stocks/comments/1s4zksa/what_is_meta_trying_to_become_with_all_this_ai/
META,These lawsuits on META aren’t the catalyst people think it is. Cambridge Analytica was far far worse.,45,0.88,5,2026-03-27 10:53:26,stocks,https://www.reddit.com/r/stocks/comments/1s50r3v/these_lawsuits_on_meta_arent_the_catalyst_people/
META,Meta stock is falling this AM (-5.6%),285,0.92,300,2026-03-26 15:26:25,stocks,https://www.reddit.com/r/stocks/comments/1s4alpu/meta_stock_is_falling_this_am_56/
META,Jury orders Meta and Google to pay woman $6 million in social media addiction trial,820,0.96,346,2026-03-26 00:05:20,stocks,https://www.reddit.com/r/stocks/comments/1s3ryee/jury_orders_meta_and_google_to_pay_woman_6/
TSLA,"TSLA in the spotlight again – politics, EV competition, and shifting focus",0,0.45,7,2026-03-27 13:04:17,stocks,https://www.reddit.com/r/stocks/comments/1s53ijh/tsla_in_the_spotlight_again_politics_ev/
GOOGL,"$GOOGL down 3% today and trending all over Reddit, is anyone actually buying this dip?",435,0.86,214,2026-03-24 17:38:57,stocks,https://www.reddit.com/r/stocks/comments/1s2ko7b/googl_down_3_today_and_trending_all_over_reddit/
NVDA,"Senators query Nvidia’s Groq deal, NVDA says did not acquire Groq",28,0.86,10,2026-03-20 13:23:17,stocks,https://www.reddit.com/r/stocks/comments/1ryw4mg/senators_query_nvidias_groq_deal_nvda_says_did/
TSLA,TSLA being investigated by Transport Canada for cooking their books in Canada to snag EV rebates without selling cars.,18874,0.96,489,2025-03-09 23:35:58,stocks,https://www.reddit.com/r/stocks/comments/1j7l0bv/tsla_being_investigated_by_transport_canada_for/
TSLA,Is TSLA permanently toast?,13322,0.92,2784,2025-03-11 15:34:50,stocks,https://www.reddit.com/r/stocks/comments/1j8tkdx/is_tsla_permanently_toast/
TSLA,"TSLA investors, beware",7235,0.89,1243,2025-03-12 18:25:51,stocks,https://www.reddit.com/r/stocks/comments/1j9qzgg/tsla_investors_beware/
TSLA,TSLA hits $1000. Makes it a first $1T Auto company,5484,0.91,1217,2021-10-25 18:16:12,stocks,https://www.reddit.com/r/stocks/comments/qfmugy/tsla_hits_1000_makes_it_a_first_1t_auto_company/
META,Meta Is Preparing to Notify Employees of Large-Scale Layoffs This Week,5218,0.96,873,2022-11-06 20:57:56,stocks,https://www.reddit.com/r/stocks/comments/yo2j3k/meta_is_preparing_to_notify_employees_of/
AMZN,AMZN crashes -18% after hours with Q3 earnings release,5027,0.95,919,2022-10-27 20:10:17,stocks,https://www.reddit.com/r/stocks/comments/yf1ztd/amzn_crashes_18_after_hours_with_q3_earnings/
META,Meta employees are looking to leave jobs as their stock based compensation has plummeted more than 40 per cent over the past six months,4672,0.96,436,2022-03-21 13:41:43,stocks,https://www.reddit.com/r/stocks/comments/tjc3ns/meta_employees_are_looking_to_leave_jobs_as_their/
TSLA,Was the TWTR bid by Elon just a way to hide a massive sale of TSLA Stock?,3838,0.88,744,2022-07-12 18:28:34,stocks,https://www.reddit.com/r/stocks/comments/vxi1zm/was_the_twtr_bid_by_elon_just_a_way_to_hide_a/
META,"META to layoff 11,000 employees and freeze hiring with immediate effect",3590,0.96,617,2022-11-09 11:09:28,stocks,https://www.reddit.com/r/stocks/comments/yqfstl/meta_to_layoff_11000_employees_and_freeze_hiring/
META,META Scenario: Oversold but Healthy - Worth Watching?,3,0.55,18,2026-04-01 11:15:04,investing,https://www.reddit.com/r/investing/comments/1s9hkiq/meta_scenario_oversold_but_healthy_worth_watching/
AMZN,Does it make sense to diversify AMZN right now?,11,0.66,17,2026-03-31 14:14:43,investing,https://www.reddit.com/r/investing/comments/1s8omkj/does_it_make_sense_to_diversify_amzn_right_now/
NVDA,"MRVL ripping after NVDA deal, anyone digging into this?",8,0.76,0,2026-03-31 15:49:52,investing,https://www.reddit.com/r/investing/comments/1s8r8op/mrvl_ripping_after_nvda_deal_anyone_digging_into/
META,Bought more META a day or 2 before court decision,35,0.76,49,2026-03-30 05:24:57,investing,https://www.reddit.com/r/investing/comments/1s7hrtl/bought_more_meta_a_day_or_2_before_court_decision/
NVDA,$NVDA Analysis Fundamental,0,0.33,5,2026-03-30 23:31:58,investing,https://www.reddit.com/r/investing/comments/1s870tp/nvda_analysis_fundamental/
META,"🚨 Meta and YouTube found liable in social media addiction case, potential implications for business models",143,0.89,28,2026-03-26 00:05:39,investing,https://www.reddit.com/r/investing/comments/1s3ryoj/meta_and_youtube_found_liable_in_social_media/
TSLA,Tesla ($TSLA) has around $1 billion in debt coming due over the next six months and right now it doesn't have the cash,3167,0.93,730,2018-10-13 15:38:34,investing,https://www.reddit.com/r/investing/comments/9nun6a/tesla_tsla_has_around_1_billion_in_debt_coming/
MSFT,"MSFT closes at $2 Trillion, as second U.S. company ever.",3041,0.97,436,2021-06-22 20:19:05,investing,https://www.reddit.com/r/investing/comments/o5w9xy/msft_closes_at_2_trillion_as_second_us_company/
META,Meta shares plunge 20% as Facebook owner sees slowing growth,2306,0.98,637,2022-02-02 22:19:13,investing,https://www.reddit.com/r/investing/comments/sj1pz8/meta_shares_plunge_20_as_facebook_owner_sees/
TSLA,JPMorgan raises TSLA price target to $295 (lmao),2302,0.96,978,2020-07-06 13:23:40,investing,https://www.reddit.com/r/investing/comments/hm7keh/jpmorgan_raises_tsla_price_target_to_295_lmao/
TSLA,"$TSLA up 14.5% today, price skyrockets past $1,765",2141,0.96,924,2020-07-13 15:14:53,investing,https://www.reddit.com/r/investing/comments/hqh1l6/tsla_up_145_today_price_skyrockets_past_1765/
META,Meta says it may shut down Facebook and Instagram in Europe over data transfer dispute,2067,0.89,223,2022-02-08 04:49:45,investing,https://www.reddit.com/r/investing/comments/snbfq1/meta_says_it_may_shut_down_facebook_and_instagram/
META,Meta is pulling the plug on its failed crypto project this September,1833,0.96,316,2022-07-03 16:39:15,investing,https://www.reddit.com/r/investing/comments/vqljwe/meta_is_pulling_the_plug_on_its_failed_crypto/
TSLA,TSLA down ~14%,1814,0.91,863,2020-02-05 15:16:20,investing,https://www.reddit.com/r/investing/comments/ezazy4/tsla_down_14/
MSFT,Microsoft ($MSFT) DD - Sitting on a gold mine,1801,0.95,528,2021-03-23 17:15:10,investing,https://www.reddit.com/r/investing/comments/mbjmdg/microsoft_msft_dd_sitting_on_a_gold_mine/
TSLA,"[MarketWatch] ARKK is out on UBER. Ark Invest's Cathie Wood: ""stayed private too long and lost the plot. They could have incentivized their drivers to put sensors on their cars and collect data much faster than even $TSLA.""",1793,0.96,267,2020-12-27 23:28:52,investing,https://www.reddit.com/r/investing/comments/kle2zv/marketwatch_arkk_is_out_on_uber_ark_invests/
TSLA,TSLA - Tesla market value today is more valuable than all the world's major auto makers combined - what gives?,1786,0.94,868,2021-01-07 02:53:47,investing,https://www.reddit.com/r/investing/comments/ks3xo6/tsla_tesla_market_value_today_is_more_valuable/
